{"loss": [0.14287169277668], "accuracy": [0.10618622601032257], "val_loss": [0.08495353162288666], "val_accuracy": [0.13671875]}